0.6544054	-0.5673761	-0.36539978	-0.49301684	-0.74775726	0.5329082	-0.015300828	-0.15670183	-0.28963017	-0.07368034	-0.62414056	0.39533594	-0.25568655	-0.16965671	0.84891087	-0.024859676	-0.1300899	0.568885	-0.78530633	-0.8080381	0.0068502906	0.8428638	-0.45594594	-0.15664874	-0.61665076	-0.21513236	-0.52075666	0.7772269	0.40384525	0.015842954	-0.19750011	0.81963474	-0.38273996	-0.35615918	-0.035637293	-0.67801917	-0.1724212	0.12543745	0.03398784	0.12110408	-0.5200915	0.4689337	0.7104719	0.60379857	0.8264056	0.3255906	-0.19254775	0.58048916	-0.70016015	0.029355634
-0.07295968	0.5309356	-0.028233312	0.53463876	0.5187208	-0.5601971	-0.46922815	-0.026193794	0.31877548	0.14541881	-0.6547108	-0.022660384	0.34318617	0.44534183	-0.79699504	0.26370308	0.18475896	0.27212706	0.586979	-0.5964744	-0.6108123	0.26119262	-0.09085958	-0.3400425	0.44567713	-0.77226907	0.7428535	-0.18777779	-0.0016444756	0.048599657	-0.16697612	-0.6046953	0.74715376	-0.7544809	0.47945595	0.24714507	-0.50684494	-0.47315064	-0.7013966	-0.47810158	0.61934894	0.0069957646	0.33385623	-0.4022073	0.61333275	-0.19839092	0.37357935	-0.3660285	-0.5070688	-0.8261504
-0.86642516	0.30720204	-0.7547461	0.333825	-0.24770461	0.43051672	-0.059431024	-0.6782313	-0.12539482	-0.51341766	0.63735884	0.89976776	0.41794455	-0.81346285	-0.20663409	-0.9327293	0.44386235	0.00769238	-0.7857587	0.70551634	0.5489084	-0.16136682	0.8236224	-0.4658715	-0.8427898	0.47178876	0.41112953	-0.3540345	-0.1873229	-0.39794993	0.8048675	0.18994166	0.6897252	0.089608796	-0.48561817	-0.9044984	0.31472436	0.11316207	0.32701302	-0.8701639	-0.78573835	0.66445196	-0.10282104	-0.5772801	0.7354387	0.78739315	-0.043168657	-0.17460167	-0.87351036	-0.6682366
0.05430607	-0.58594525	-0.27445018	0.17164153	0.45510682	0.098941065	0.64988613	-0.02969115	0.59231526	0.014917032	0.04891909	0.87308055	0.6165256	-0.50751907	-0.69984573	-0.53154624	-0.23260449	-0.4610155	0.83513767	-0.9469185	0.16901043	-0.7072706	-0.24611293	-0.27895325	-0.5407141	0.26972833	0.6921095	0.77264494	0.77046275	-0.33546844	-0.2646478	-0.34542438	1.0023377	0.3598784	0.7811473	0.72788954	-0.09492798	0.8278929	0.69577503	0.80036503	-0.7344676	-0.009344248	0.3662247	0.608561	0.4179136	0.6804124	0.21028946	0.12932958	0.34801102	0.7828848
-0.13488841	-0.7878475	-0.80858105	-0.6631614	0.17241472	0.13141286	-0.24930105	0.59286743	-0.21423315	-0.13943252	-0.24115829	-0.6764945	-0.44369796	0.029140288	-0.48210832	0.055246957	-0.023458628	0.22156945	0.7178748	-0.86455363	0.86099595	-0.34096235	0.4992423	-0.017233975	0.50820714	0.28071293	0.6948675	-0.32043472	-0.04880801	-0.01713615	-0.8599982	0.52378887	-0.018556949	0.13726218	-0.07699447	-0.7634264	-0.864173	0.25933102	0.6040276	0.7801628	-0.71194154	0.45933473	0.5392158	-0.46170256	0.23631227	-0.20290175	0.5438665	0.22079784	-0.48528686	0.16147728
-0.5829768	0.7638251	0.32549092	0.49924913	0.6710647	-0.42680684	-0.40215498	-0.2131002	-0.1352895	0.8650787	0.006444412	0.49091777	0.13657752	0.34348446	-0.24096549	0.78664905	-0.6840961	0.53345567	-0.33834103	0.26512158	0.3465207	0.6187348	0.86650425	0.49061635	0.89664686	-0.49877745	0.1465786	-0.87247735	-0.17473927	0.24384415	-0.7797509	-0.81673694	-0.42874357	0.8641995	-0.17584199	-0.40598744	-0.06559443	-0.59608966	0.15151024	0.934752	0.68458235	-0.6423802	0.7629917	-0.7615757	-0.547649	0.2832025	0.23863992	0.19221705	0.8460613	0.00073905487
0.31212163	-0.16753142	0.585775	0.6706913	0.43991214	0.75714386	0.22292742	-0.79513085	-0.8191067	-0.8344314	-0.6860638	-0.7274425	-0.4648749	0.37474424	0.074822925	0.83026904	-0.8117013	0.0033279469	0.04407748	-0.18818818	-0.59860957	-0.25455925	0.27182412	-0.20513076	-0.74840003	0.7758779	-0.8754417	-0.14594509	-0.1691621	0.7255426	0.5214753	0.3499755	0.2944487	0.23179112	0.03330971	-0.1351199	-0.76764774	-0.33365813	0.6051957	-0.9190339	-0.064092934	0.45041606	0.8055982	-0.8031275	0.1972102	-0.711252	-0.7839837	0.03854367	0.6461695	0.681202
0.3138905	0.17291796	-0.24751976	-0.23846951	-0.38149834	-0.23478773	-0.832344	-0.62217927	-0.17345643	0.25956637	0.7147649	-0.53198856	-0.83474725	-0.90358484	0.087204516	0.81239676	-0.5057234	-0.09538019	0.6468052	-0.15599614	-0.28475904	-0.8948829	-0.51307213	0.4051316	-0.08574878	-0.45639324	0.1078786	0.7333037	0.5233852	0.99194896	0.4482158	-0.077705055	0.8168161	0.49858242	-0.09195284	0.8496721	-0.24146053	-0.6977741	-0.87298787	-0.9692112	-0.6199339	0.94578034	0.7095802	-0.379189	-0.08276849	0.048171647	0.048250344	-0.909214	0.93684816	-0.9443007
0.41240478	0.00964397	-0.0024989676	-0.22445041	0.050753705	0.16218331	0.22208747	0.0010865406	-1.7758092e-10	0.034454614	-0.20247823	-0.04779284	-0.24809232	0.0062792744	0.43218637	-0.018206064	-0.29652914	-0.14552468	-0.15150616	0.16193315	3.256795e-05	0.062027413	0.0023931488	-4.7747073e-09	0.00091617776	-0.016885184	0.07385667	2.4443776e-17	0.06637224	-0.00051772484	-8.171988e-13	-0.0952934	0.024818204	0.3664586	-0.006981722	-0.37780625	-0.00039826587	0.42354167	-0.06966545	-0.3720621	0.032054644	-1.8908347e-10	-0.023798628	0.29623494	0.3928996	0.030588878	-0.019885274	0.056995586	-0.0022385528	7.3943943e-07
0.028372567	-0.009541445	7.6904625e-16	0.37429792	-0.037477165	0.27717647	0.022885086	0.017069647	3.1138553e-15	-0.037790548	-0.31311095	-0.029918263	-0.08319769	-0.16038233	-0.37868133	0.4475295	0.0067849015	2.7957942e-14	-1.7714617e-17	-0.11143618	-2.4754186e-16	0.28958097	3.1225102e-17	0.009638395	-3.346012e-08	-0.043513846	-0.09611181	0.07949139	0.09308732	-0.05083834	0.017457943	-4.9912293e-17	0.18938659	0.20917027	0.002660235	3.7390616e-06	-0.0004223002	-0.008034133	0.22519575	-0.08344839	0.06247642	1.7195045e-10	-1.1062106e-17	-0.042428717	-0.018813431	-0.009988137	-0.026982155	-0.37114316	0.035655618	0.14162865
0.3315481	0.2374858	0.74223006	-0.49764386	-0.48815545	-0.09622967	0.75237274	-0.8235671	-0.09194063	-0.02840168	0.79367757	-0.1754556	-0.007938044	0.8990784	0.41196296	0.18619159	0.09562738	-1.0100695	0.61484003	-0.055653308	-0.5611302	0.7912188	0.8471841	0.06361275	-0.7085217	0.60387397	-0.6173928	-0.12027801	0.41172263	0.21983372	0.70394456	0.637003	-0.8175046	-0.07922849	-0.60985446	-0.057084706	0.9572773	0.46984395	0.88725924	0.7743766	-0.8449086	0.6846323	0.54843116	0.30546346	-0.2013746	-0.39422065	-0.9854838	0.77315634	0.65358216	-0.56605506
-0.024306824	-0.84345365	0.41884798	-0.9370274	-0.9429478	0.55268264	-0.27147928	-0.73309916	-0.2861192	-0.92350686	-0.5577646	0.66454625	-0.8734125	0.8416542	0.55019623	0.14606443	0.39029437	0.8969539	-0.445946	-1.0100839	-0.4877122	0.74637365	0.23675482	-0.6013685	-0.13788852	0.33258775	-0.4393216	-0.42239052	0.2821869	-0.16216563	0.5195169	-0.90141445	-0.44498158	0.38601124	0.019638252	0.6715163	-0.53303933	-0.47250074	0.5996182	-0.07810243	0.52153236	-0.35480842	0.01814857	0.8855386	-0.1037449	0.60980266	-0.50620615	0.006096538	0.4572354	0.31961825
-0.47026363	-0.25849426	-0.35724747	0.9338719	0.056239422	0.09284268	0.29864186	0.61988693	-0.22138256	0.8919427	0.88134885	0.23702723	-0.95027673	0.6728556	0.5721819	-0.37909982	0.12597121	0.8109121	-0.3318011	0.40715602	0.59938234	-0.3798643	-0.28115627	0.21234803	-0.07779182	0.18349922	-0.19900975	0.13392165	-0.78123444	-0.7765553	0.6206726	-0.47625938	0.087716475	0.84536713	0.36140114	0.5218175	0.23395243	0.4123351	0.50914705	-0.074158765	0.22758645	0.84348124	-0.34574324	-0.20440778	0.1613307	-0.8396179	-0.025791874	-0.22570977	-0.9092816	-0.8654374
0.37705916	0.7560832	0.49211	0.8910659	0.821158	-0.8120118	0.4612434	0.764259	0.62230545	0.47599342	0.9176176	0.57285535	0.46517798	-0.15101553	-0.09751152	0.047058176	-0.5914371	0.03745085	0.2597224	0.7414387	-0.6455759	-0.49081853	0.41219473	-0.3561988	-0.81855124	-0.07666665	0.6107746	-0.21527205	0.65135485	-0.18633267	-0.5127456	-0.16646522	0.058598142	0.016960256	-0.9103512	0.11023264	0.086180404	0.47469774	0.07461417	-0.7745867	0.21089032	-0.48418182	-0.8703054	-0.8142055	0.038039476	-0.49958456	0.38497415	0.43233117	-0.6252545	0.20989679
-0.25146195	-0.37141335	9.0578334e-07	0.013924861	0.3372793	0.14424019	0.26060006	9.920461e-18	-0.2774589	-0.19702634	-0.0440514	0.41196868	0.40395746	0.046667524	0.11486813	-0.42042112	0.36135933	-0.4018038	2.960729e-16	-0.3951798	0.20001891	0.09887202	-0.08976697	-0.26827896	0.019334242	-4.9209167e-17	0.30177242	0.041731708	-0.012264651	-0.4224315	0.029058546	-0.103879236	2.3034343e-17	0.29308537	0.007192879	-0.18390614	2.2880136e-05	0.4502887	8.386672e-12	0.35391185	-0.34828714	0.09942961	-0.28517413	-0.00033315804	0.2639963	-0.3479586	0.3384185	-3.1999188e-09	0.011757045	-0.11772031
-0.722229	0.620826	-0.633357	-0.6634839	0.4752731	-0.35391557	0.7684307	-0.88186383	-0.14227131	-0.35824877	-0.658098	0.64934367	-0.40434542	0.030261934	-0.70961344	-0.45089746	-0.012330188	0.64301336	0.26250562	0.34051692	0.7747961	-0.6079748	-0.7625652	0.16515802	0.0034823762	0.53555924	-0.7781962	0.21960734	0.18668543	0.111190066	-0.58754987	0.7419151	-0.6379038	0.83678967	-0.75282276	0.09432664	-0.5902687	-0.0960901	0.009372693	0.50949067	-0.13733247	-0.17559493	0.04996386	-0.47884083	0.056403153	-0.050025444	0.4401582	0.64126146	-0.65342945	0.32097152
0.65754974	0.015285887	0.116832785	0.17195456	0.14890695	-0.28657445	0.6051909	0.31213817	0.67565674	0.018288549	0.16322444	-0.6562689	-0.5708686	-0.5588922	-0.64952433	0.9382871	-0.07042301	0.34875086	0.8146374	1.0538979	-0.7705802	-0.83400214	-0.015811462	-0.8371822	-0.6452862	0.0052069975	-0.862953	-0.65625155	-0.325339	-1.0002285	0.6149566	-0.70408285	-0.5973882	0.3443093	0.53640175	0.000102505874	0.7726166	-0.7067581	0.9179735	0.888276	-0.55105567	-0.3702985	0.83597994	-0.07650152	-0.5357088	-0.3586673	-0.6979314	-0.43157545	-1.0647285	-0.5968372
-0.001779359	0.036050584	-0.021168543	0.28337818	0.02042759	1.3066338e-16	-0.045850154	0.037944853	-1.1241306e-14	-0.024340712	-0.39411303	-0.0020152438	0.124146886	2.2405574e-15	-0.18836431	0.35369825	-0.35328037	3.2542076e-17	-0.1577263	-1.150575e-06	-0.009100352	-0.2022872	-0.24916528	0.4502868	-0.16122413	4.672808e-08	-1.0221769e-17	0.3788535	-2.5530935e-17	0.00281595	0.03284127	0.16136916	0.2899273	-1.1073425e-07	-0.36265454	0.40345794	0.19696437	-6.4938926e-05	-0.37966096	0.17791593	-0.19349751	9.571028e-18	-0.0021006435	-0.36906746	1.68875e-13	0.050547466	-0.06238434	6.8168703e-16	-0.0039721946	-0.2591244
0.19604857	-1.7535916e-07	-0.13362814	0.026786322	-7.4497707e-16	0.24751939	-0.2609852	0.30484208	-0.1765326	0.0045165294	-0.0009039897	-0.20875224	-0.1332372	0.43904373	-4.4520973e-16	0.00049496803	-0.35150558	-0.25524682	0.3634266	-0.17927186	-0.01984235	-0.34713066	-2.963903e-17	-0.124106236	0.028907029	0.0067836563	-3.1770505e-05	-0.049678292	-0.00046556274	-1.7840337e-14	-0.0059589017	0.4099434	0.0043520196	-0.08641015	0.21399665	-0.057049513	1.5520063e-05	-5.8686667e-10	-0.18282433	-1.9358184e-17	-9.0213425e-06	1.7803414e-07	0.105245	-0.449587	-0.2981528	0.27292457	0.44211107	-0.39168695	0.004270072	0.06674191
0.26779002	-0.8127519	-0.5921353	0.84273934	0.7162552	-0.54849035	0.31349385	-0.65019804	0.37414894	-0.6875227	-0.80133206	0.25833005	0.8275907	-0.6175107	0.058054194	0.0028226783	-0.23663169	0.7684792	-0.22254601	-0.58434695	-0.057887223	0.5634247	-0.7018823	-0.8439038	0.59836787	-0.5605163	0.7521084	-0.21571642	0.62892765	-0.8552983	0.73862904	-0.8357136	0.70729685	-0.88244736	-0.3870215	-0.7689741	0.2761532	-0.8266846	0.07906886	-0.37386423	0.765138	0.6069274	0.10873128	0.08898084	0.943172	-0.53481746	-0.75628704	0.9409387	0.19148548	0.045698833
0.5438147	-0.09211387	-0.49653283	-0.17057106	-0.6631721	-0.5679309	-0.12701964	0.35020173	-0.69073266	0.7102447	-0.20006558	0.050672427	0.5726671	0.601024	-0.0019122314	0.43320218	0.025638731	-0.7518051	0.32505825	-0.6696447	0.2589404	-0.5024164	-0.9523502	-0.2808426	-0.45311925	0.8990532	0.41535822	-0.48228982	-0.36423808	-0.35062027	-0.783892	0.25505048	-0.93943506	-0.0013357612	0.09978458	0.785981	0.7807301	-0.8236394	-0.6490406	-0.0781344	-0.77799773	0.79408085	0.6493109	0.9123906	0.7641728	-0.04461123	0.050739944	-0.41502517	0.5098735	0.6939508
0.9257049	-0.45288512	0.6857619	0.3733108	0.8471355	0.5989233	0.076347426	-0.10744194	-0.5997289	0.83518904	-0.9524147	0.11079372	0.15319468	0.7267944	-0.63225126	-0.87263125	0.78160757	0.58636487	0.3588882	0.09771703	0.8916835	0.044657912	-0.4481131	0.21506357	-0.6996227	0.32182345	-0.07173902	0.9263499	0.6399861	0.3543682	-0.097013995	0.42851081	-0.74172795	-0.52492297	-0.58532655	-0.7028954	-0.75488377	0.14386375	0.8509833	0.56979567	-0.33198658	0.72066736	0.25237855	-0.7626112	0.6143197	-0.045425367	0.85420465	0.02617351	-0.53556883	0.7471132
-0.8140955	0.52653146	-0.35399732	-0.5270967	0.036919914	-0.111736976	0.5380684	0.72721714	0.111320846	0.8656016	-0.5768329	-0.9160566	-0.8403195	0.5818771	-1.0193937	-0.19003154	0.067335725	0.056943547	0.7534615	-0.6054521	0.53678465	0.4265576	-0.41467476	-0.09611774	-0.10779792	0.5102368	-0.3296456	0.61230236	-0.5816781	0.37565237	-0.5627326	0.6063652	0.68194264	0.11895381	-0.95135176	0.83861077	-0.8270298	-0.23262571	-0.027079633	0.11550734	0.9056684	0.8831052	0.2398282	-0.10631629	0.6420019	0.48664135	0.2458705	-0.94237417	-0.7437401	-0.20502466
0.2245249	0.5299482	0.9072845	0.08597585	-0.31193155	-0.6271571	-0.66521496	-0.85782564	0.8297711	0.95946753	-0.13334382	-0.37018552	-0.60613567	-0.38964635	-0.33957914	-0.8170321	0.8690611	-0.7945265	0.7102382	-0.5026548	0.37961316	0.044750534	0.25379336	-0.8685287	-0.8831069	-0.89303863	0.65239364	0.14669494	-0.48025265	0.84126186	0.16725492	-0.3980838	0.31972685	0.9415346	-0.2407727	0.1429222	0.8910227	-0.8229529	0.1644962	-0.42494604	0.33350268	0.65435433	-0.4348284	0.93468314	0.40393582	0.22861086	-0.31651542	-0.34345388	0.90212816	-0.72572595
-0.56333685	0.527962	0.8604567	0.18469359	-0.50491476	-0.6680223	0.342059	0.3639015	0.70428956	0.6426489	-0.07484471	-0.20348933	-0.04287856	-0.5024465	0.9629036	0.44113484	-0.65217006	-0.30647665	-0.35191923	-0.7071748	0.7458611	0.87413085	0.647852	-0.5445808	0.02509527	0.09761502	0.46404865	0.795108	0.09866199	-0.5455099	-0.67214096	-0.20827338	-0.8998654	0.5513435	-0.4834955	0.49159965	-0.3881445	0.3223214	-1.0007958	0.81372774	-0.29045734	-0.12410021	0.17271812	0.50906557	0.26365837	-0.76670855	-0.20143457	0.20891853	-0.13689923	-0.83199877
0.20946465	-0.6351491	0.29221475	0.8408468	-0.7527638	0.38492942	0.8222477	0.8610388	0.03819744	0.07203892	-0.6093885	-0.5358638	-0.71619356	-0.92209303	0.9689524	-0.19491206	0.8481705	-0.43586522	0.15076116	-0.23138715	-0.0033610095	-0.7358429	0.074580856	0.43291265	-0.40034473	-0.046023857	0.6711509	-0.76264566	-0.5041073	0.4796415	-0.9434128	-0.17342609	-0.86670876	0.011873494	0.9158537	0.72548455	0.33409393	-0.49014223	0.8106176	-0.67055625	-0.4940793	0.35695124	-0.45126024	0.09875796	0.69889563	-0.7322204	0.44782916	0.83290744	0.23008895	0.9053045
0.8402538	0.3485997	0.7219042	0.24885699	-0.53587925	0.19985047	0.1245257	0.44114968	0.13447668	-0.27711555	-0.6699384	-0.6670054	0.036743198	0.5935246	-0.0028377569	-0.0006514068	0.38512433	0.5934799	-0.05468449	0.6302349	-0.011204252	0.083905965	0.42463896	-0.0618774	0.87394464	0.24974021	0.3960931	-0.118881136	0.51216686	0.47273475	0.21834952	0.66937304	-0.20073988	-0.8007541	0.16558741	-0.4412598	0.046785247	0.7888545	0.39156124	-0.53639036	0.26920938	0.5639947	-0.082728945	0.20476098	-0.0760077	0.67071503	-0.031846695	0.3370732	-0.6795839	0.366248
-0.71839076	0.87531996	0.8772956	-0.7511902	0.044728007	0.28395182	-0.8046667	0.85709244	-0.9182518	0.25895587	0.6412334	-0.7713649	0.418899	-0.43693307	0.24994229	-0.91628414	-0.6367436	-0.6668876	-0.28897834	-0.0663226	0.048333794	0.37968534	0.52610254	-0.8351883	-0.79225314	-0.6167854	-0.03660044	0.953395	-0.4744426	-0.030824715	0.40059486	0.7724057	-0.9721425	-0.39046222	0.50960785	-0.38554052	0.93834305	-0.034090757	-0.34821716	0.99440056	-0.037813008	-0.27207097	0.114798814	0.47143397	-0.26833168	-0.15313554	-0.07893088	0.9298347	0.417129	-0.86021656
0.7079329	0.8104366	-0.8183399	0.7222586	0.45767975	0.22484173	-0.464346	0.38533723	-0.8394797	-0.060467433	-0.35377488	0.028036108	0.6628499	0.9141522	0.86444134	-0.35675156	-0.67868465	0.016233193	-0.7862153	0.5048205	-0.5814607	0.023355547	0.121067256	-0.7627371	-0.030780287	0.73662764	-0.95297897	-0.6124704	0.8374589	0.109581545	0.7984047	0.040548734	-0.45118785	0.26805547	-0.2881942	-0.2701614	-0.830964	0.88200694	-0.29124597	-0.061168052	0.5065012	-0.55349946	0.5706784	-0.3474176	0.5769839	-0.23692925	0.3535861	-0.70435256	-0.36313897	0.7488828
-0.16256851	-0.9147218	-0.21510698	0.23684238	-0.029665915	-0.8043748	0.93320334	-0.14682053	-0.81723434	-0.52966696	-0.7198871	0.071666256	-0.3208003	-0.025369797	-0.8237302	0.6973738	-0.38465965	0.054649614	-0.74438256	-0.46388343	0.21154085	0.8647276	-0.16299166	0.040166	0.9072136	0.99689376	-0.6435194	-0.5223082	0.37473384	0.06005699	0.33467832	-0.52557087	-0.6359453	-0.76693684	0.41942862	0.5986978	0.2858157	-0.79423326	0.53157306	0.46699536	-0.40366653	0.6130221	0.7578854	-0.88182867	-0.20058523	-0.6947696	-0.25783962	-0.33235437	-0.8061686	-0.03892071
-0.035406522	-0.002315159	0.0036271277	0.0140186455	-1.8671291e-15	0.3010699	0.440604	-0.394492	0.36322787	-0.24068049	0.065994985	-0.30527815	4.831301e-17	-0.2709137	0.3168153	-0.26196554	-0.101739936	-0.00044365975	0.026233943	0.0076587107	0.18148246	0.013004705	-0.00033677398	-0.4030457	0.24157712	-0.1521261	-0.026144523	-9.221588e-18	-0.0043575615	2.2662083e-12	-0.22463857	0.28285944	-0.10726508	-0.05345352	2.4150031e-05	-0.26319155	-9.01587e-17	-0.0013590358	-0.44559163	-7.4583594e-17	-0.25581524	-0.18236606	-0.26158047	0.009215924	-0.4248845	-0.00014145269	0.02048784	0.06357096	0.40262756	0.22485888
-0.6754218	-0.3147533	-0.8390269	0.12651971	-0.41863248	0.60805255	-0.32733583	-0.13071515	0.4602356	-0.9005109	-0.05909461	0.3812401	0.59738934	-0.36869967	-0.28371868	0.21407884	-0.07616077	-0.76663446	-0.067213915	0.6741697	0.16523665	0.8508115	-0.023039524	-0.80374306	-0.37613913	-0.07245787	-0.41610417	0.022219298	-0.662266	-0.47545865	0.31733084	-0.23417157	-0.25801164	-0.24275185	-0.6544589	0.022932796	-0.47428733	0.05107033	-0.5587281	-0.57546896	0.1427591	-0.044927657	-0.8794336	0.2516694	-0.54358834	-0.59564257	0.82802516	0.8111444	-0.66724133	-0.021361183
0.14399059	3.122201e-09	0.4020793	0.40615964	0.08660817	-0.22956604	-0.42972165	0.0012537742	0.19595203	-0.0004659395	-0.45020625	-0.050107196	0.017269293	0.42205325	0.13018009	-0.012706688	0.008079212	0.105614126	1.01800284e-16	7.9952715e-06	-6.8840977e-06	-0.22415945	0.117365934	-0.40003183	-0.0021349571	0.42971882	-0.21295555	-0.30693427	3.0939667e-11	-0.2157855	-0.23687588	-1.5783898e-12	-0.0704647	-0.1368045	0.039803173	-0.11416625	-0.0014655256	0.23366058	8.7102964e-11	0.049138587	-0.43108425	0.009611341	0.31627142	-0.2538145	-0.122377515	-0.34484744	0.18062197	-0.25434867	0.23749277	0.025307583
-0.59053385	-0.16398726	0.47443908	0.68778986	-0.35463744	-0.14154	0.5506359	-0.3069779	0.86844957	-0.1368881	0.1790875	-0.6643621	0.45828784	-0.70214254	0.98174137	0.6603849	-0.9720784	0.92440546	-0.6499668	-0.63958466	-0.73713535	0.5485519	0.7045398	-0.48017532	0.83099467	-0.9415522	-0.2930943	-0.743602	0.7210631	0.054132704	0.44787127	0.9692081	-0.7155315	0.043911185	0.6115462	0.059580844	0.5449517	-0.3885442	0.6829153	0.11445148	-0.5186194	-0.8718668	0.48802513	0.89559186	0.5687104	-0.023451172	-0.6223103	-0.84710974	0.32575938	0.01177522
8.73534e-07	-4.8115965e-13	0.14362487	-1.4684584e-06	-3.7356572e-06	0.18732569	-0.0028924881	0.26139027	-0.15272433	0.07436283	-0.225879	-0.057683893	0.24487425	-0.016013848	-0.094525404	-0.40793267	3.175746e-18	-0.4516116	-0.27765906	7.8978254e-11	0.0073233317	0.12667218	6.180097e-11	-0.055065535	-0.0019794998	1.3762056e-15	0.06572385	-0.3914736	-0.24289675	0.05398542	-0.0020024094	-0.00030293953	1.0277891e-12	0.37101063	0.30239302	0.1196525	-0.32101873	-1.642118e-16	0.19796914	-0.0007904	1.1867992e-17	-0.0007849042	2.8716317e-18	-0.030275133	-0.26544607	-0.055166356	-0.0009809925	-0.2386336	-0.20221639	-0.43863752
1.0357941e-12	-8.475523e-13	-0.000265914	0.051764272	-0.34715185	-0.09286483	0.0040644025	-0.0012426646	-0.26057792	-0.26655883	-0.0013969422	-0.020380778	-0.022433223	-0.16611125	-2.7108641e-05	-0.15568419	-0.4037212	-6.8082045e-08	-0.0064213406	2.0172728e-19	-0.2419288	-0.014588248	-4.0350945e-09	-0.03148239	-0.17949675	-0.2501738	-0.31247982	0.00042587725	0.0089553315	-0.0011316616	-0.22390768	0.0599609	-0.16026196	-0.007811404	-0.18225072	-0.24714646	0.37359408	-0.034614667	-0.0592142	0.3731807	-1.3654924e-05	0.019470982	0.19596364	0.21403937	0.024573056	0.0020332676	-0.011503393	-0.046110332	-0.015603595	0.2812497
-0.35701495	-0.82183903	-0.8483326	-0.11724388	-0.9102462	0.77763826	0.4054175	-0.023709264	-0.2283258	0.23487037	-0.73726326	-0.59222347	-0.43113297	-0.62241906	-0.13279833	0.1060321	0.8662251	0.6028517	0.87498456	0.79580975	-0.40731695	0.3359917	-0.3903777	0.28447154	0.36692357	-0.6069814	-0.7219925	-0.51210636	-0.016618805	0.2942445	-0.20669413	-0.3751	0.13384905	0.7449612	-0.4900259	0.25858438	-0.39691457	0.3290198	0.8206133	0.03170681	0.49716476	0.15691446	-0.2410806	0.2242514	0.9958585	-0.4651525	0.4922402	-0.8423167	-0.22844774	-0.65199757
-0.15645485	-0.17902726	-0.6083168	-0.35624462	-0.9780543	-0.9278974	-0.20970258	-0.99604404	0.03369338	-0.8511407	0.39171714	-0.30678815	-0.83059096	-1.0142148	0.048526127	0.57301235	-0.60843915	-0.03780009	0.4670983	0.52213067	0.28574243	0.40098563	-0.58489925	-0.6440367	-0.6200861	0.561685	0.02291074	-0.5857501	0.62271595	-0.9910795	-0.22432238	0.7113223	0.13378647	-0.8348125	-0.9402945	-0.25457168	0.45377007	-0.622096	-0.5834541	0.33433622	-0.0881489	0.66180664	-0.83057904	0.8484443	-0.111861736	0.6972552	-0.43149206	0.32882857	-0.9984505	-0.69916856
-0.055004343	0.3517526	-0.15480268	-0.39043018	0.19441614	3.6886793e-17	-2.7455725e-08	-0.00031073464	-0.40993765	-5.3152276e-16	0.15579109	0.11887279	2.1430182e-17	0.00047262764	-0.31037793	-0.109718986	8.689427e-16	0.31605268	0.3396526	1.0054573e-14	-0.000454867	-1.0487025e-12	2.0424863e-15	-4.414367e-18	0.288878	5.5296963e-16	0.00062557746	8.110019e-13	1.6494336e-05	0.41277435	0.39331222	0.39254993	-8.952011e-05	0.115774035	-0.016479347	0.33692572	0.41933832	-0.013151392	0.0006145936	0.34345883	0.15375325	-0.4266373	-0.41486832	-0.0034538256	0.13504052	-7.2575112e-06	0.020653315	-0.14598069	-3.6347025e-08	-9.50274e-15
-0.9024896	0.30409727	0.7428557	-0.6964345	0.51393986	0.765751	-0.6282802	-0.85110146	-0.36644185	-0.9255649	0.15428294	-0.15379143	-0.83026767	-0.8645301	0.8156989	0.6279813	0.28502023	-0.042325206	-0.027424272	-0.021034736	0.10270367	0.40689686	-0.021611735	0.1905008	-0.104296274	0.9658923	0.8240331	0.53801507	0.374392	0.08522939	-0.5432345	0.5307157	-0.05515406	-0.7588328	-0.50007206	-0.31679627	-0.39109904	0.22471571	-0.60209703	-0.43501663	-0.36303353	0.8177627	0.8095606	-0.27436593	0.059803948	0.8112817	-0.015094419	0.10472667	0.902644	-0.34433064
0.41772395	-3.7128324e-05	-8.436974e-08	-0.17184146	-4.039789e-07	-0.22649899	-0.17476803	-0.25899544	8.360647e-11	-0.114354625	-0.25715095	2.6036641e-16	-0.10952094	-1.4056921e-10	-0.38042432	-0.26869842	-1.5631176e-16	0.034800664	0.012429622	-0.010655425	0.09275349	-1.0116892e-15	-1.203355e-05	0.092828915	3.372852e-17	-0.21475698	-0.007099232	-0.0024889482	0.25634357	-0.046471838	0.057068653	0.3313284	0.16315794	0.0371792	0.021912001	-0.3072922	0.14650112	1.3437425e-05	0.10204915	-0.3191761	-1.5816015e-06	0.021652408	5.4666605e-05	0.02834804	0.0016478591	-0.34846616	0.23538673	0.13422415	0.2610054	-0.05202891
0.0011053301	-0.8221361	0.71891767	-0.3230349	0.63047445	-0.4985618	-0.25584367	0.34285468	0.21361189	0.23742141	-0.913264	-0.14575878	0.21759218	0.71409106	-0.06766536	0.27585962	0.028788222	-0.85308826	0.43174422	-0.46771464	-0.1686445	-0.81459963	-0.84793895	-0.18951046	-0.5041896	-0.3174457	-0.2722844	-0.23255683	-0.9092153	-0.26268944	0.29409745	-0.20546733	0.32557592	-0.5904255	-0.60563135	0.12948793	0.33501163	-0.007422022	-0.39336804	0.106419176	-0.48660615	0.2624034	0.47475815	-0.5290923	0.74360436	0.94235826	-0.4647374	-0.23294714	0.60549945	-0.36517817
-0.3389754	0.13829988	-0.44346085	-0.10468127	-0.20028092	0.07500979	-0.123130605	0.19541909	0.17281657	0.1436115	-0.20003657	-1.0508016e-05	-0.013028667	0.18372294	-0.00024969532	5.417878e-19	-0.014252064	0.017522808	0.001043675	0.0010802763	0.20009284	-0.11210221	0.24500865	-0.22590297	-0.006971269	-0.3900491	0.104474805	3.0242253e-17	-0.43907076	0.004860329	0.0036386824	-0.0036959818	-0.23713353	-0.23221077	0.42652282	-0.03213436	-2.7369677e-05	0.4447141	2.5876767e-07	8.935064e-05	0.16867206	-2.4406262e-16	-4.8493945e-05	-1.0137227e-12	-0.41490453	-0.12420042	-5.0230963e-17	0.046691757	-0.16379344	-0.00011139575
-0.2543368	-0.47948876	0.83838737	-0.7141896	0.35358414	0.62346613	-0.33937725	0.71635586	-0.82989055	0.0697343	0.15254708	0.04843603	0.16238876	0.017186001	0.38574994	-0.7451173	-0.16725254	0.005281034	-0.008230058	-0.11379037	-0.3890176	0.46796748	-0.26404896	0.6469756	0.29963467	-0.64432776	-0.087071	-0.57463956	-0.22716723	0.43483746	0.47223473	0.7628016	0.18374187	0.057854965	-0.74436957	-0.545455	-0.050084077	-0.31363088	0.73423743	0.50739455	-0.6648876	-0.5299976	0.5027301	-0.61587757	-0.1156203	0.5857895	-0.815946	-0.32314092	0.5066417	-0.51818424
0.44065988	-0.0046931775	-0.4271801	2.687833e-06	-3.435614e-05	8.386007e-06	3.187629e-18	1.410435e-05	-2.680477e-05	-2.8431794e-08	-4.304227e-17	-0.06973046	0.017311893	0.08954494	-0.17207856	0.078026265	-0.057699233	0.20075877	0.3105955	0.22047305	0.091169074	0.22350313	-0.024186607	0.29463652	-0.0922874	0.10853329	-0.037062198	0.00011772032	-0.22209428	-0.14344388	-0.27817574	-7.875058e-19	-4.114284e-17	-0.070113294	-0.008216805	0.10235058	0.12738138	-0.36405778	-0.42566177	-0.099549666	0.37572044	-0.17082608	-0.4069599	-0.08945759	-0.4475991	-0.04304984	-2.8558096e-17	-0.04533275	0.26482314	0.16952038
0.28834265	0.6175425	-0.81541276	-0.63652176	-0.03566491	-0.03785348	-0.6982623	0.6688119	0.65958476	-0.3973887	-1.0104805	0.6520071	-0.54004675	-0.116084486	0.7915246	-0.20917085	0.65079165	-0.5329514	0.69604224	-0.15688099	0.6923546	0.66813177	0.5371306	0.6701708	0.9229129	0.38427922	-0.6333393	-0.89589584	0.9158546	-0.32599148	-0.32265338	-0.4255474	-0.70124567	0.0338239	-0.93006915	-0.01998303	-0.7119508	0.669605	-0.096016854	0.024914514	-0.8359847	-0.6538064	-0.115436	0.15470704	-0.26014268	0.86533827	-0.066534944	-0.05325959	-0.40592158	-0.8499388
-0.25157425	0.77598	-0.80417526	-0.93485725	-0.43117768	0.87832725	-0.28840145	0.3813194	0.5674101	0.8026631	-0.92708015	-0.5949629	-0.56085914	-0.3168106	0.70693	-0.78545475	0.15066077	-0.13754296	0.16881794	0.7125463	-0.47140923	-0.19395356	-0.15158036	-0.29241934	0.84011775	0.14965005	0.5237499	-0.9755113	0.43690512	0.16861428	-0.32492438	0.00031498523	-0.78316325	0.62610674	-0.515399	-0.7869419	0.33012244	-0.50497603	0.8129678	-0.48852518	0.519661	0.32275838	-0.8427241	-0.054482862	0.65187776	0.46151537	0.5747195	-0.05020085	-0.3758208	-0.84444076
0.56136364	-0.50866616	-0.87986076	0.7690788	0.8546306	0.96563584	0.730635	-0.26800153	-0.82295096	-0.44966167	0.033600725	-0.22312781	-0.12484024	0.7085687	0.15313293	0.07643535	0.39169216	-0.1445316	1.0168483	0.6058095	0.04837877	0.44116953	0.83184475	-0.64214385	0.7260064	-0.32466075	-0.0014751678	-0.613585	0.6223862	-0.20624784	-0.08334693	-0.95685023	0.34762794	-0.6593204	-0.6403471	0.26621288	0.72497004	0.61473	0.58925533	-0.44527218	0.47629893	-0.006321281	-0.5777192	0.9385375	0.13170405	-0.4671939	-0.012347803	-0.5649584	0.43054697	-0.35583556
-0.10803768	0.8810181	-0.33978832	-0.33145288	-0.54027826	-0.5406381	0.82612354	-0.63152164	0.25014758	0.6503189	0.6107412	-0.28077534	-0.7073089	-0.7534388	-0.58751243	-0.89212906	-0.48713854	0.7319447	0.36460376	0.074438676	0.27932617	0.64545995	-0.5064847	-0.09630531	0.147063	0.39404356	-0.36622012	0.72113645	-0.23243155	0.38024697	0.8130153	0.59915656	0.70060855	-0.24610187	0.5461319	-0.24408135	0.72755384	0.6170668	-0.36263177	0.40024963	-0.4825375	-0.6592294	0.7553944	0.9816602	0.73607665	0.6225396	0.62282574	0.7864364	-0.20288254	0.33883157
0.13928755	0.5815045	0.16194461	0.29897323	0.02352103	-0.048532654	0.28424996	0.8551972	0.0026303846	0.4689981	-0.43193832	-0.08876098	0.08269619	-0.62086254	0.25443608	0.73300636	0.6646782	-0.42682314	-0.5579848	0.5808198	0.025376426	-0.24978468	-0.13241707	-0.5104893	-0.08385173	0.4769815	0.80989426	-0.2942421	-0.4048273	0.07052182	-0.7435945	-0.043370605	-0.069662936	-0.90593404	-0.70757735	0.77157485	0.2013387	-0.8185727	-0.5711349	-0.6694782	0.33197892	-0.14050683	0.42292547	-0.8649315	0.76279783	0.33782038	0.6810744	0.5242911	-0.51769423	-0.047086097
-0.7190338	-0.23960885	-0.101133905	-0.1254771	-0.31217444	0.86090016	0.34342986	-0.37480465	0.049894035	-0.52888674	-0.6350346	0.104739696	-0.29526255	-0.33388287	0.78938115	-0.558313	-0.7638393	0.5061817	-0.12716722	-0.40283564	-0.3207162	0.6352813	0.005204749	0.786228	-0.26454645	-0.8235601	0.269712	0.5908844	-0.53217894	-0.88818806	0.02925665	-0.065363176	-0.0381784	0.6931565	0.51825064	0.7862543	-0.044960085	-0.79160094	-0.68127376	-0.23951843	0.48647213	-0.64965355	0.684696	0.88876045	0.68746126	0.8031928	0.5451927	-0.8858513	-0.5284334	0.07438973
-0.110146016	-0.36382848	0.8788526	-0.24929826	-0.69313455	-0.6213429	-0.68724364	0.75521237	-0.5431926	-0.9261378	0.1611392	-0.4391286	0.0222239	-0.30535704	0.2908559	0.1629941	-0.46640116	-0.46851742	-0.41310972	0.122638814	0.29933766	-0.36065564	0.32313803	-0.47259316	-0.7941962	0.71189576	0.43114746	0.041036945	-0.7138459	0.840107	0.1055266	-0.70237154	0.13865346	0.054235887	0.29013154	0.3018204	0.68694115	-0.74728274	0.8802091	0.7733551	-0.8709462	0.41460326	0.47746977	0.9097577	0.5233683	-0.5683837	-0.85754347	-0.3995468	-0.10497649	0.05206799
-0.4922909	0.11738594	-0.34854952	0.3341256	0.23313361	0.6012832	-0.46309572	-0.5332023	0.59702384	0.02377855	0.6604127	0.6661881	-0.3622938	0.7765099	0.42483702	0.34348935	-0.8723397	0.9301015	0.4623827	-0.8401373	-0.82602847	0.31527898	0.10241513	0.76078427	-0.18976077	0.88438404	-0.65531904	-0.43370605	-0.07907764	-0.39438727	-0.078471854	-0.13500938	0.52620673	0.68757796	0.77195996	0.09254175	-0.15037103	-0.81115955	0.8982475	-0.010972101	-0.6363333	-0.5984503	0.6029918	-0.22127119	-0.47211745	0.61690736	0.5365998	0.74105394	-0.41532114	-0.60856783
0.29920217	-0.92501813	0.9152318	0.78991497	-0.6112841	0.11547127	-0.45716974	0.9110077	-0.4648021	0.017498652	0.95272964	0.22362326	-0.21900636	0.44578707	0.28530264	0.6646626	-0.72458327	-0.8879939	0.8899993	-0.05643976	0.7910728	-0.880655	0.15190685	0.6864556	0.7847984	-0.64184296	-0.8200412	-0.5851912	-0.593681	0.5134362	-0.7284248	-0.91282827	0.46805474	-0.11459929	0.27676725	-0.09524352	-0.047149587	-0.3660697	-0.21089263	-0.6784304	0.56342316	-0.14576711	0.4614936	-0.14786054	-0.5023311	-0.18589312	0.39540723	-0.6700257	-0.52743375	0.5664703
-0.38096762	0.3257001	0.004636266	-0.9388637	0.0096287215	0.8756707	-0.68354124	0.56709737	-0.25225738	-0.49872157	0.3266584	-0.0387669	-0.33364636	0.5899641	-0.17598759	0.3139762	-0.44172615	-0.15527602	-0.75274885	0.13499352	0.38103965	-0.6279627	0.7457056	0.0814163	-0.50471026	0.78572756	-0.0547439	-0.08975993	-0.7072114	-0.4353635	0.88361686	0.7023444	0.593272	0.07165371	0.0262305	-0.08437011	0.33745	0.27293822	0.2559358	0.16632494	0.8317804	-0.4117498	0.10902801	-0.07284117	-0.28726387	0.0024678595	0.09275528	0.60373056	-0.16761024	0.07401937
0.0810068	0.070417635	0.32348213	-0.85971624	-0.2821775	0.82844794	0.9141294	0.77738595	0.77762413	0.99107844	0.84139335	-0.766932	-0.8889592	-0.4484995	0.7641313	0.8518731	-0.39391026	-0.3100819	-0.44225323	-0.33235472	-0.20061664	-0.30653074	0.008517902	-0.60840446	-0.47301757	-0.18275362	0.060098838	-0.9879219	-0.47829235	-0.73998433	0.42752466	-0.91579074	0.27534953	-0.05689386	-0.9019788	-0.5252384	-0.13934144	-0.73826325	-0.10400348	0.40235317	0.14933525	-0.8071224	0.8190922	-0.6922297	0.9005848	0.9115174	-0.27528137	0.69544935	-0.13311249	1.0892948
0.21913755	0.3470177	0.16287155	-0.13449731	0.83040535	0.63463706	0.9200342	-0.23973154	-0.9838251	-0.4319326	-0.3040685	0.33265477	0.77157074	-0.6730205	-0.10553569	-0.033441633	0.28397888	0.31921265	0.68389887	0.37017688	0.30478263	0.31832975	0.7802115	-0.31950644	0.5775351	-0.88229966	-0.518866	-0.06163099	-0.36017096	0.76275784	-0.5805304	-0.2578015	-0.05704405	-0.049910285	0.5307701	0.99418646	0.8752352	-0.41445798	-0.89966726	0.65773135	0.3243248	-0.9052161	-0.38109714	0.9511681	0.27344373	-0.55368346	-0.7976716	0.29143628	0.79278183	-0.91918194
-0.30625734	-0.069959916	-0.4150302	0.4227452	0.16735497	-0.93847597	0.4120823	-0.035755537	0.30920526	0.85070056	-0.65448236	-0.15380101	-0.56832093	0.7894098	-0.9169023	-0.34893364	-0.42132783	-0.37581885	0.16929129	0.788421	-0.6595416	0.5598858	-1.0966129	-0.17445622	0.5648477	-0.037577264	-0.66834533	-0.11261926	0.9747703	-0.56089103	0.22523588	-0.029886337	0.87131757	-0.110202566	-0.8424298	-0.90412515	0.26715225	-0.36494952	0.7714598	-0.19871798	-0.02554577	0.004891116	-0.88414335	-0.72130287	0.25564465	0.5012504	0.05910007	-0.5582322	0.3176214	0.71103114
0.0242869	-0.011607676	0.0153658055	-0.25109556	0.056323625	9.182262e-18	0.0033350873	0.08619954	-0.35016418	-0.438633	-1.7966315e-07	-0.20544757	-6.4087347e-17	5.777286e-18	0.117821656	-0.23754928	0.3728307	-0.16553435	-0.31866494	-2.762617e-06	-0.00048043026	0.1171527	-0.0030752646	-3.5804744e-16	0.36431766	-0.44022387	0.2862526	3.7873582e-05	-0.44853964	-2.4689002e-18	0.12674148	-0.4050777	0.028292462	0.1399396	0.31669053	0.178428	-0.03384196	-5.254096e-15	-4.256196e-16	0.020044653	-4.0639867e-07	-0.29964086	-0.11570809	0.00078609964	-0.0009973439	0.19052622	-0.0050346227	0.41602483	-0.15036798	-0.035505615
